,,,,,,,,
코스 제목 (유튜브 명),일수 분류,일차,전체 순서,장소명,주소,카테고리,조회수,유튜브 링크
"Living alone vlogㅣA day trip to Busan, Making kimbap, Cooking Soft tofu.",당일,1,1,아비베르컴퍼니,부산광역시 부산진구 동천로 66 1층,기타,"140,081",https://www.youtube.com/watch?v=rvgTZQSeXyo&t=0s
,당일,1,2,페이퍼가든 본점,부산광역시 부산진구 전포대로210번길 8 2층,기타,,썸네일 ID
,당일,1,3,거대곰탕,부산광역시 해운대구 해운대해변로 163 현대베네시티아파트 상가동 103호,맛집,,rvgTZQSeXyo
,당일,1,4,랑데자뷰 해운대점,부산광역시 해운대구 달맞이길62번길 23 2~5층,카페,,
,당일,1,5,옵스 해운대점,부산광역시 해운대구 중동1로 31,맛집,,
,당일,1,6,카페히토,부산광역시 해운대구 우동1로 21 1층,카페,,
,,,,,,,,
코스 제목 (유튜브 명),일수 분류,일차,전체 순서,장소명,주소,카테고리,조회수,유튜브 링크
[vlog] Busan Day Trip Vlog with My Best Friend of 4 Years l Date Vlog l Gwangalli Beach,당일,1,1,부산역 (고속철도),부산광역시 동구 중앙대로 206,기타,"1,811",https://www.youtube.com/watch?v=pYFOfMdoQa4&t=0s
,당일,1,2,디에이블 광안점,부산광역시 수영구 민락수변로 29 3층 디에이블,맛집,,썸네일 ID
,당일,1,3,톤쇼우 광안점,부산광역시 수영구 광안해변로279번길 13 1층,관광지,,pYFOfMdoQa4
,당일,1,4,랜들러,부산 수영구 광안해변로 239 5층,카페,,
,당일,1,5,러브이즈기빙,부산광역시 수영구 광안로49번길 24 1층 러브이즈기빙,기타,,
,당일,1,6,밀락더마켓,부산광역시 수영구 민락수변로17번길 56,관광지,,
,당일,1,7,한솥도시락 민락수변공원점,부산광역시 수영구 민락수변로17번길 36 타워더모스트 광안 107호,관광지,,
,당일,1,8,오후의라운지,부산 수영구 민락수변로 239 4층,카페,,
,당일,1,9,자연활어 수정궁,부산광역시 수영구 민락수변로 25,맛집,,
,당일,1,10,별 헤는 밤,부산 수영구 광안해변로 203 10층,카페,,
,당일,1,11,광안대교집,"부산광역시 수영구 광안해변로284번길 38 3층 313호, 314호",관광지,,
,,,,,,,,
코스 제목 (유튜브 명),일수 분류,일차,전체 순서,장소명,주소,카테고리,조회수,유튜브 링크
출발 직전에 50만원 잃어버린 부산 브이로그 ep.1,당일,1,1,부산역 (고속철도),부산광역시 동구 중앙대로 206,기타,"515,836",https://www.youtube.com/watch?v=d-43LBail04&t=0s
,당일,1,2,본전돼지국밥,부산광역시 동구 중앙대로214번길 3-8,맛집,,썸네일 ID
,당일,1,3,광복로패션거리,부산광역시 중구 광복로 72-1,관광지,,d-43LBail04
,당일,1,4,러브이즈기빙 부산광복점,부산 중구 광복로 40,기타,,
,당일,1,5,용두산공원미디어아트첨단공원,부산광역시 중구 용두산길 37-27 용두산공원,관광지,,
,당일,1,6,손목서가,부산 영도구 흰여울길 307,카페,,
,,,,,,,,
코스 제목 (유튜브 명),일수 분류,일차,전체 순서,장소명,주소,카테고리,조회수,유튜브 링크
[vlog] 고2의 일상 브이로그🍁/ 친구들이랑 떠난 부산 당일치기 브이로그🌊💙/ 공부 브이로그/부산•광안리•행궁동 | 류희진,당일,1,1,광안역 부산2호선,부산광역시 수영구 수영로 576,기타,"48,602",https://www.youtube.com/watch?v=8io4NH06-2s&t=0s
,당일,1,2,톤쇼우 광안점,부산광역시 수영구 광안해변로279번길 13 1층,관광지,,썸네일 ID
,당일,1,3,러브이즈기빙,부산광역시 수영구 광안로49번길 24 1층 러브이즈기빙,기타,,8io4NH06-2s
,당일,1,4,랜들러,부산 수영구 광안해변로 235 5층,카페,,
,당일,1,5,디에이블 광안점,부산광역시 수영구 민락수변로 29 3층 디에이블,맛집,,
,,,,,,,,
코스 제목 (유튜브 명),일수 분류,일차,전체 순서,장소명,주소,카테고리,조회수,유튜브 링크
"A Busan native's vlog of a day trip to Japan, with only four lunches.",당일,1,1,서면역 부산1호선,부산광역시 부산진구 중앙대로 730,기타,"42,170",https://www.youtube.com/watch?v=uVCplWi3cwU&t=0s
,당일,1,2,나가하마만게츠,부산광역시 해운대구 우동1로 57 대영빌딩1층,맛집,,썸네일 ID
,당일,1,3,삼정동영업,부산 부산진구 전포대로209번길 11-8,맛집,,uVCplWi3cwU
,당일,1,4,오월동,부산 부산진구 서전로38번길 43-8,맛집,,
,당일,1,5,모모스케,부산 부산진구 전포대로223번길 12,맛집,,
,당일,1,6,인아웃,"부산광역시 부산진구 중앙대로 717 지하층 2열56호,2열66호,3열66호",카페,,
,,,,,,,,
코스 제목 (유튜브 명),일수 분류,일차,전체 순서,장소명,주소,카테고리,조회수,유튜브 링크
부산사람+J가 보면 답답한 P들의 부산 당일치기😎,당일,1,1,부산역 (고속철도),부산광역시 동구 중앙대로 206,기타,"8,138",https://www.youtube.com/watch?v=hJn-PBoKpuE&t=0s
,당일,1,2,개미집국제시장본점,부산광역시 해운대구 구남로 34,관광지,,썸네일 ID
,당일,1,3,자갈치역 부산1호선,부산광역시 중구 구덕로 80,기타,,hJn-PBoKpuE
,당일,1,4,서면역 부산1호선,부산광역시 부산진구 중앙대로 730,기타,,
,당일,1,5,드림씨어터,부산광역시 남구 전포대로 133,관광지,,
,,,,,,,,
코스 제목 (유튜브 명),일수 분류,일차,전체 순서,장소명,주소,카테고리,조회수,유튜브 링크
a one-day trip to Busan,당일,1,1,부산역 (고속철도),부산광역시 동구 중앙대로 206,기타,"4,010",https://www.youtube.com/watch?v=U9TfyOkDoWs&t=0s
,당일,1,2,본전돼지국밥,부산광역시 동구 중앙대로214번길 3-8,맛집,,썸네일 ID
,당일,1,3,감천문화마을,부산광역시 사하구 감내2로 203 감천문화마을안내센터,관광지,,U9TfyOkDoWs
,당일,1,4,카페아방가르드,부산광역시 사하구 옥천로 121,카페,,
,당일,1,5,톤쇼우 광안점,부산광역시 수영구 광안해변로279번길 13 1층,관광지,,
,,,,,,,,
코스 제목 (유튜브 명),일수 분류,일차,전체 순서,장소명,주소,카테고리,조회수,유튜브 링크
1박 2일 부산으로 여행갔다가 당일치기 여행이 된 사연?? | 가족여행,당일,1,1,부산역 (고속철도),부산광역시 동구 중앙대로 206,기타,"1,994",https://www.youtube.com/watch?v=6fFEsWwM9OI&t=0s
,당일,1,2,해운대역 부산2호선,부산광역시 해운대구 해운대로 626,기타,,썸네일 ID
,당일,1,3,해운대시장,부산광역시 해운대구 중동1로 42-16,관광지,,6fFEsWwM9OI
,당일,1,4,상국이네,부산광역시 해운대구 구남로41번길 40-1 상국이네,맛집,,
,당일,1,5,다비치안경 해운대해수욕장입구점,부산광역시 해운대구 구남로 11-1 다비치안경,관광지,,
,당일,1,6,부산엑스더스카이,부산광역시 해운대구 달맞이길 30,관광지,,
,,,,,,,,
코스 제목 (유튜브 명),일수 분류,일차,전체 순서,장소명,주소,카테고리,조회수,유튜브 링크
2 days and 1 night Busan travel vlog🌊 I Life Shot Ocean View Hotel•Twice Visited Cafe•Old Restaur...,1박 2일,1,1,부산역 (고속철도),부산광역시 동구 중앙대로 206,기타,"19,345",https://www.youtube.com/watch?v=KEaZ1MOH308&t=0s
,1박 2일,1,2,양산왕돼지국밥,"부산광역시 해운대구 재반로 70 양산왕돼지국밥,보쌈",맛집,,썸네일 ID
,1박 2일,1,3,해운대옛날팥빙수단팥죽,부산광역시 해운대구 해운대해변로 329-6,카페,,KEaZ1MOH308
,1박 2일,1,4,웨스틴 조선 부산,부산광역시 해운대구 동백로 67 웨스틴 조선 부산,기타,,
,1박 2일,1,5,웨스틴 조선 부산 오킴스,부산광역시 해운대구 동백로 67 1층,맛집,,
,1박 2일,1,6,다비치안경 해운대해수욕장입구점,부산광역시 해운대구 구남로 11-1 다비치안경,관광지,,
,1박 2일,1,7,해운대산곰장어,부산광역시 해운대구 구남로41번길 14-1,맛집,,
--- Day 2 코스 시작 ---,,,,,,,,
,1박 2일,2,8,웨스틴 조선 부산,부산광역시 해운대구 동백로 67 웨스틴 조선 부산,기타,,
,1박 2일,2,9,톤쇼우,부산광역시 금정구 금강로 247-10,맛집,,
,1박 2일,2,10,삼진어묵 부산역광장점,부산광역시 동구 중앙대로214번길 7,기타,,
,,,,,,,,
코스 제목 (유튜브 명),일수 분류,일차,전체 순서,장소명,주소,카테고리,조회수,유튜브 링크
"A 2-day, 1-night Busan trip that'll blow your mind🌊 | Traveling is just a distraction, today's pu...",1박 2일,1,1,이재모피자 본점,부산광역시 중구 광복중앙로 31,맛집,"2,821",https://www.youtube.com/watch?v=URtDAfeGITU&t=0s
,1박 2일,1,2,부산 관광호텔,부산광역시 중구 광복로97번길 23,기타,,썸네일 ID
--- Day 2 코스 시작 ---,,,,,,,,URtDAfeGITU
,1박 2일,2,3,유행통신,부산광역시 중구 국제시장2길 12-1 1층 유행통신,기타,,
,1박 2일,2,4,김영상회 2호점,부산광역시 중구 중구로47번길 18 로얄수입상가 건물 2층,기타,,
,1박 2일,2,5,이가네떡볶이,부산광역시 중구 부평1길 48,맛집,,
,1박 2일,2,6,레귤러하우스,부산광역시 중구 중구로40번길 22 2층,카페,,
,1박 2일,2,7,승기씨앗호떡,부산광역시 중구 광복로 38 동아데파트,맛집,,
,1박 2일,2,8,제주가 부산역직영점,부산광역시 동구 중앙대로196번길 6-9,맛집,,
,1박 2일,2,9,모모스커피 본점,부산광역시 금정구 오시게로 20 모모스커피 1층,카페,,
,1박 2일,2,10,진미돼지국밥,부산광역시 중구 부평1길 9,맛집,,
,1박 2일,2,11,롯데백화점 광복점 전망대,부산광역시 중구 중앙대로 2 롯데백화점 광복점 13F,관광지,,
,1박 2일,2,12,이재모피자 부산역점,부산광역시 동구 중앙대로 197 2층 이재모피자,맛집,,
,1박 2일,2,13,남천할매떡볶이 롯데백화점광복점,부산 중구 중앙대로 2,맛집,,
,,,,,,,,
코스 제목 (유튜브 명),일수 분류,일차,전체 순서,장소명,주소,카테고리,조회수,유튜브 링크
"먹고 또 먹는 1박2일 부산여행브이로그ㅣ부산맛집,부산카페,부산갈만한곳ㅣ부산 오션뷰숙소ㅣ돼지국밥맛집,밀면맛집,깡돼후돼지갈비,부산간식ㅣ국내여행브이로그ㅣ따뜻한오늘",1박 2일,1,1,합천일류돼지국밥,부산광역시 사상구 광장로 34 윌로펌프,맛집,"1,819",https://www.youtube.com/watch?v=HNI4syk3lqY&t=0s
,1박 2일,1,2,몽벨쉘터 사상점,부산광역시 사상구 사상로224번길 3 1층,기타,,썸네일 ID
,1박 2일,1,3,송도해상케이블카,부산광역시 서구 송도해변로 171,관광지,,HNI4syk3lqY
,1박 2일,1,4,부평깡통시장,부산광역시 중구 부평1길 48,관광지,,
,1박 2일,1,5,국립해양박물관,부산광역시 영도구 해양로301번길 45 국립해양박물관,관광지,,
,1박 2일,1,6,어반스테이 부산송도해변,부산광역시 서구 송도해변로 97 어반스테이 부산송도해변,기타,,
,1박 2일,1,7,혜영이네,부산 서구 암남동 620-24,맛집,,
,1박 2일,1,8,무신명품민물장어 부산송도해수욕장점,"부산광역시 서구 충무대로34번길 47 송도비치텔 2층 201, 202, 203호",관광지,,
--- Day 2 코스 시작 ---,,,,,,,,
,1박 2일,2,9,왕밀면냉면 본점,부산광역시 서구 충무대로 122-1 프레스코 2층,맛집,,
,1박 2일,2,10,올선데이 광안점,부산광역시 수영구 광안로61번길 28 1층,카페,,
,1박 2일,2,11,밀락더마켓,부산광역시 수영구 민락수변로17번길 56,관광지,,
,,,,,,,,
"알찬 1박 2일 부산 여행 브이로그 | 혼자만 알고싶은 오션뷰 카페와 로컬 맛집 공유 (해운대, 달맞이길, 청사포 해변 열차)",1박 2일,1,1,페어필드 바이 메리어트 부산 호텔,부산광역시 해운대구 해운대해변로 314,기타,"1,396",https://www.youtube.com/watch?v=V7zckSq7Xts&t=0s
,1박 2일,1,2,개미집국제시장본점,부산광역시 해운대구 구남로 34,관광지,,썸네일 ID
,1박 2일,1,3,동백당,부산광역시 해운대구 구남로41번길 21-1 해운대전통시장 1층 동백당,맛집,,V7zckSq7Xts
,1박 2일,1,4,삼영그릇백화점,부산광역시 해운대구 구남로41번길 22-1,기타,,
--- Day 2 코스 시작 ---,,,,,,,,
,1박 2일,2,5,비비비당,부산광역시 해운대구 달맞이길 239-16 4층비비비당,카페,,
,1박 2일,2,6,해운대블루라인파크 미포정거장,부산광역시 해운대구 달맞이길62번길 13,관광지,,
,1박 2일,2,7,소바야일미야,부산광역시 해운대구 중동2로10번길 16,맛집,,
,1박 2일,2,8,해운대명품호떡,부산광역시 해운대구 중동1로 38,맛집,,
,1박 2일,2,9,아모레 부산,부산광역시 해운대구 구남로 36 1층,기타,,
,,,,,,,,
코스 제목 (유튜브 명),일수 분류,일차,전체 순서,장소명,주소,카테고리,조회수,유튜브 링크
 vlog |🎄| 1박2일 부산여행 (카페와 소품샵만 가는 여행 어떤데~?) | 팟오브부산 | 전포카페 | 광안리카페 | 카페공원 | 코지모지 | 프린터리하우스 | 브리즈아카이브 ,1박 2일,1,1,팟오브부산,부산광역시 부산진구 동성로39번길 30-7 1층,카페,845,https://www.youtube.com/watch?v=Fa6VahUYT-c&t=0s
,1박 2일,1,2,프린터리하우스,"부산광역시 수영구 민락로 9-1 1, 2층",기타,,썸네일 ID
,1박 2일,1,3,코지모지,"부산광역시 수영구 광남로 175 2F, COSYMOSY",기타,,Fa6VahUYT-c
--- Day 2 코스 시작 ---,,,,,,,,
,1박 2일,2,4,용두산미디어파크,부산광역시 중구 용두산길 37-55,카페,,
,1박 2일,2,5,브리즈 아카이브,부산광역시 수영구 수영로606번길 125 2F,기타,,
,,,,,,,,
코스 제목 (유튜브 명),일수 분류,일차,전체 순서,장소명,주소,카테고리,조회수,유튜브 링크
부산 1박2일 여행 vlog 🌊 | 불꽃축제 명당 여기서 보세요! 🎇 | 맛집 · 빈티지샵 · 소품샵 털기 ✨,1박 2일,1,1,부산역 (고속철도),부산광역시 동구 중앙대로 206,기타,303,https://www.youtube.com/watch?v=tmJcx6mxnuk&t=0s
,1박 2일,1,2,베이크백,"부산광역시 동구 초량중로 53 1층, 2층",맛집,,썸네일 ID
,1박 2일,1,3,부평깡통시장,부산광역시 중구 부평1길 48,관광지,,tmJcx6mxnuk
,1박 2일,1,4,이가네떡볶이,부산광역시 중구 부평1길 48,맛집,,
,1박 2일,1,5,밀곳,부산광역시 중구 부평1길 49 1층,맛집,,
,1박 2일,1,6,깡돼후,부산광역시 중구 부평1길 57 깡돼후야시장,맛집,,
,1박 2일,1,7,김영상회 2호점,부산광역시 중구 중구로47번길 18 로얄수입상가 건물 2층,기타,,
,1박 2일,1,8,보수동책방골목,부산광역시 중구 대청로 67-1,관광지,,
,1박 2일,1,9,우리글방북카페,부산 중구 책방골목길 14-1,카페,,
,1박 2일,1,10,월마트,부산광역시 중구 중구로48번길 10-2,기타,,
,1박 2일,1,11,부산 불꽃축제,부산광역시 수영구 광안해변로 219,관광지,,
,1박 2일,1,12,내키고 점포점,부산 부산진구 전포대로209번길 17-5,맛집,,
--- Day 2 코스 시작 ---,,,,,,,,
,1박 2일,2,13,리베르타 청사포점,"부산광역시 해운대구 청사포로 137 1, 2, 3층",관광지,,
,1박 2일,2,14,엄용백 돼지국밥 수영본점,부산광역시 수영구 수영로680번길 39,맛집,,
,1박 2일,2,15,톤쇼우 광안점,부산광역시 수영구 광안해변로279번길 13 1층,관광지,,
,1박 2일,2,16,파니에 광안점,부산광역시 수영구 광안로 41 1층,기타,,
,1박 2일,2,17,영동밀면&amp;돼지국밥,부산광역시 동구 중앙대로209번길 12,맛집,,
,1박 2일,2,18,부산역 (고속철도),부산광역시 동구 중앙대로 206,기타,,
,,,,,,,,
코스 제목 (유튜브 명),일수 분류,일차,전체 순서,장소명,주소,카테고리,조회수,유튜브 링크
"OFF vlog 🌊 살찔 수밖에 없었던 2박3일 부산여행 브이로그 | 문토스트,호랑이젤라떡,이재모피자,초량밀면,붕어빵,개미집,돼지갈비치킨,씨앗호떡,돼지국밥,회 등 | 먹방브이로그",2박 3일,1,1,부산역 (고속철도),부산광역시 동구 중앙대로 206,기타,"326,084",https://www.youtube.com/watch?v=MU3MRpKsHvc&t=0s
,2박 3일,1,2,초량밀면,부산광역시 동구 중앙대로 225,맛집,,썸네일 ID
,2박 3일,1,3,부산역 앞 붕어빵,부산 동구 중앙대로 215 국민은행 부산역점 근처,맛집,,MU3MRpKsHvc
,2박 3일,1,4,AG405 HOTEL,부산광역시 수영구 민락수변로 141,기타,,
,2박 3일,1,5,자갈치횟집 수영점,부산 수영구 무학로9번길 22,맛집,,
,2박 3일,1,6,문토스트 광안직영점,부산 수영구 민락수변로 29,맛집,,
,2박 3일,1,7,국제통닭 남천점,부산광역시 수영구 남천동로 105,맛집,,
--- Day 2 코스 시작 ---,,,,,,,,
,2박 3일,2,8,이재모피자 부산역점,부산광역시 동구 중앙대로 197 2층 이재모피자,맛집,,
,2박 3일,2,9,남포동 BIFF광장 씨앗호떡,부산 중구 비프광장로 36,맛집,,
,2박 3일,2,10,깡돼후,부산광역시 중구 부평1길 57 깡돼후야시장,맛집,,
,2박 3일,2,11,청주떡방앗간,부산광역시 중구 중구로43번길 46,맛집,,
,2박 3일,2,12,해운대블루라인파크,부산광역시 해운대구 청사포로 116 청사포정거장,관광지,,
,2박 3일,2,13,호랑이젤라떡 부산해운대본점,"부산광역시 해운대구 달맞이길62번길 38 115호, 116호",카페,,
,2박 3일,2,14,파라다이스호텔부산 크리스탈가든,부산광역시 해운대구 해운대해변로 296 본관 1층,카페,,
,2박 3일,2,15,개미집 해운대점 주차장,부산광역시 해운대구 구남로30번길 9-3,맛집,,
--- Day 3 코스 시작 ---,,,,,,,,
,2박 3일,3,16,수변최고돼지국밥 민락본점,부산광역시 수영구 광안해변로370번길 9-32,맛집,,
,,,,,,,,
코스 제목 (유튜브 명),일수 분류,일차,전체 순서,장소명,주소,카테고리,조회수,유튜브 링크
"나혼자 2박3일 부산🌊 술을 물처럼 마신 여자의 먹방 브이로그 (수변최고돼지국밥, 밀면, 치킨버거클럽, 파란집, 야화 포장마차)",2박 3일,1,1,쏘타스위트 부산서면,부산광역시 부산진구 중앙대로 654 서면푸르지오시그니처,기타,"100,564",https://www.youtube.com/watch?v=nnomwtTHvFc&t=0s
,2박 3일,1,2,수변최고돼지국밥 민락본점,부산광역시 수영구 광안해변로370번길 9-32,맛집,,썸네일 ID
,2박 3일,1,3,야화,부산광역시 부산진구 서전로58번길 43 2층,맛집,,nnomwtTHvFc
--- Day 2 코스 시작 ---,,,,,,,,
,2박 3일,2,4,서면개금밀면,부산광역시 부산진구 서면로68번길 39,맛집,,
,2박 3일,2,5,치킨버거클럽,부산광역시 부산진구 서전로58번길 121 1층,맛집,,
--- Day 3 코스 시작 ---,,,,,,,,
,2박 3일,3,6,파란집 손칼국수,"부산광역시 부산진구 서면로 56 1층 카27호,카34-1호",맛집,,
,,,,,,,,
코스 제목 (유튜브 명),일수 분류,일차,전체 순서,장소명,주소,카테고리,조회수,유튜브 링크
"부산 2박 3일 여행 브이로그. 내 취향대로 먹고 마시고 놀고~* 이재모 피자. 해운대 해수욕. 전포 카페 투어. 광안리 맛집 (첨벙, 구프 레코드). 해리단길 또간집",2박 3일,1,1,영무파라드호텔 레스토랑 씨엘로,부산광역시 해운대구 해운대해변로298번길 25 26층,기타,"49,412",https://www.youtube.com/watch?v=BkjCLPbqL2M&t=0s
,2박 3일,1,2,다비치안경 해운대해수욕장입구점,부산광역시 해운대구 구남로 11-1 다비치안경,관광지,,썸네일 ID
--- Day 2 코스 시작 ---,,,,,,,,BkjCLPbqL2M
,2박 3일,2,3,스무스무드,부산 부산진구 동성로71번길 31,카페,,
,2박 3일,2,4,크레타,"부산광역시 부산진구 서전로47번길 27 2층, 201호",카페,,
,2박 3일,2,5,구프,부산광역시 부산진구 동성로 25,카페,,
,2박 3일,2,6,첨벙,부산광역시 수영구 민락로33번길 16 1층 첨벙,맛집,,
--- Day 3 코스 시작 ---,,,,,,,,
,2박 3일,3,7,이재모피자 부산역점,부산광역시 동구 중앙대로 197 2층 이재모피자,맛집,,
,,,,,,,,
코스 제목 (유튜브 명),일수 분류,일차,전체 순서,장소명,주소,카테고리,조회수,유튜브 링크
[vlog] Weekly Vlog | Daily Vlog | 2 Nights 3 Days Busan Food Tour | Waiting Tips for Each Restaur...,2박 3일,1,1,부산역 (고속철도),부산광역시 동구 중앙대로 206,기타,"17,941",https://www.youtube.com/watch?v=_0So79s-1hk&t=0s
,2박 3일,1,2,이재모피자 부산역점,부산광역시 동구 중앙대로 197 2층 이재모피자,맛집,,썸네일 ID
,2박 3일,1,3,호텔1,부산광역시 수영구 광안해변로 203,기타,,_0So79s-1hk
,2박 3일,1,4,해물상점,부산 수영구 광안해변로 189,맛집,,
--- Day 2 코스 시작 ---,,,,,,,,
,2박 3일,2,5,톤쇼우 광안점,부산광역시 수영구 광안해변로279번길 13 1층,맛집,,
,2박 3일,2,6,러브이즈기빙,부산광역시 수영구 광안로49번길 24 1층 러브이즈기빙,관광지,,
,2박 3일,2,7,요트탈래,부산광역시 해운대구 동백로 52 더베이101 요트투어 매표소,관광지,,
,2박 3일,2,8,칠성횟집,부산광역시 수영구 광안해변로 263 2층,맛집,,
--- Day 3 코스 시작 ---,,,,,,,,
,2박 3일,3,9,네이비비건베이크샵,부산 수영구 광서로10번길 34 1층,카페,,
,2박 3일,3,10,부산역 (고속철도),부산광역시 동구 중앙대로 206,기타,,
,,,,,,,,
코스 제목 (유튜브 명),일수 분류,일차,전체 순서,장소명,주소,카테고리,조회수,유튜브 링크
sub) Busan vlog. 2박 3일 부산 여행 브이로그 | 오션뷰 가성비 숙소 | 더베이베이커리 | 전포•광안리 맛집 카페 | 스카이캡슐 해변열차 요트까지 ✨,2박 3일,1,1,수변최고돼지국밥 민락본점,부산광역시 수영구 광안해변로370번길 9-32,맛집,"11,286",https://www.youtube.com/watch?v=MZTDroTSF70&t=0s
,2박 3일,1,2,호텔센트럴베이,부산광역시 수영구 광안해변로 189,기타,,썸네일 ID
,2박 3일,1,3,부산요트투어 더요트,부산광역시 해운대구 해운대해변로 84 수영만요트경기장 본관 1층 107호,관광지,,MZTDroTSF70
,2박 3일,1,4,두루미,부산광역시 부산진구 서전로57번길 33 1층,맛집,,
,2박 3일,1,5,톤쇼우 광안점,부산광역시 수영구 광안해변로279번길 13 1층,관광지,,
--- Day 2 코스 시작 ---,,,,,,,,
,2박 3일,2,6,더베이베이커리,부산광역시 수영구 수영로510번길 30 1층,카페,,
,2박 3일,2,7,해운대 가야밀면,부산광역시 해운대구 좌동순환로 27 해운대 가야밀면,맛집,,
,2박 3일,2,8,Etalee,"부산광역시 수영구 광안해변로279번길 25 1, 2층",카페,,
,2박 3일,2,9,해운대블루라인파크,부산광역시 해운대구 청사포로 116 청사포정거장,관광지,,
,2박 3일,2,10,다비치안경 해운대해수욕장입구점,부산광역시 해운대구 구남로 11-1 다비치안경,관광지,,
,2박 3일,2,11,불필요상점,부산 부산진구 전포대로255번길 36,기타,,
,2박 3일,2,12,우리포차 (해운대 포장마차촌),부산 해운대구 해운대해변로 236,맛집,,
--- Day 3 코스 시작 ---,,,,,,,,
,2박 3일,3,13,이재모피자 부산역점,부산광역시 동구 중앙대로 197 2층 이재모피자,맛집,,
코스 제목 (유튜브 명),일수 분류,일차,전체 순서,장소명,주소,카테고리,조회수,유튜브 링크
대문자 J 여자 두 명의 2박3일 비 오는 부산 여행 vlog•••♥ | 부산 유명 맛집 다 가보는 먹방투어🍽️ ,2박 3일,1,1,부산역 (고속철도),부산광역시 동구 중앙대로 206,기타,"5,690",https://www.youtube.com/watch?v=hjM1nYekUoQ&t=0s
,2박 3일,1,2,베이크백,"부산광역시 동구 초량중로 53 1층, 2층",카페,,썸네일 ID
,2박 3일,1,3,이재모피자 서면점,부산광역시 부산진구 전포대로209번길 21,맛집,,hjM1nYekUoQ
,2박 3일,1,4,영진돼지국밥,부산광역시 강서구 명지오션시티8로 31,맛집,,
--- Day 2 코스 시작 ---,,,,,,,,
,2박 3일,2,5,상국이네 (빨간떡볶이),부산 해운대구 구남로41번길 42,맛집,,
,2박 3일,2,6,밀락더마켓,부산광역시 수영구 민락수변로17번길 56,관광지,,
,2박 3일,2,7,톤쇼우 광안점,부산광역시 수영구 광안해변로279번길 13 1층,맛집,,
,2박 3일,2,8,이미스 부산 플래그십 스토어,부산 수영구 광남로 80 1층,기타,,
,2박 3일,2,9,프론트커피,부산광역시 수영구 광안해변로 237 6층 602호,카페,,
,2박 3일,2,10,OK도매횟집,부산광역시 남구 수영로13번길 28-17,맛집,,
,2박 3일,2,11,다비치안경 해운대해수욕장입구점,부산광역시 해운대구 구남로 11-1 다비치안경,관광지,,
--- Day 3 코스 시작 ---,,,,,,,,
,2박 3일,3,12,해운대초량밀면,부산광역시 해운대구 구남로 20 1층,맛집,,
,2박 3일,3,13,금송 덕미 해운대 해리단길점,부산광역시 해운대구 우동1로38번가길 19 2층 금송덕미 해리단길점,관광지,,
,2박 3일,3,14,돈두커피,부산광역시 부산진구 전포대로223번길 14-1 2층,카페,,
,2박 3일,3,15,초필살돼지구이 해운대직영점,부산 해운대구 해운대로570번길 25,맛집,,
,,,,,,,,
코스 제목 (유튜브 명),일수 분류,일차,전체 순서,장소명,주소,카테고리,조회수,유튜브 링크
"Let's eat again...? Busan travel vlog all in one 🌊 | 2 nights, 3 days, 10 meals | Busan's best re...",2박 3일,1,1,짐캐리 부산역점,부산광역시 동구 중앙대로 206 KTX 부산역 1층 5번출구,기타,"5,081",https://www.youtube.com/watch?v=medNU1Ut5s8&t=0s
,2박 3일,1,2,신발원,부산광역시 동구 대영로243번길 62,맛집,,썸네일 ID
,2박 3일,1,3,합천국밥집,부산광역시 남구 용호로 235,맛집,,medNU1Ut5s8
,2박 3일,1,4,서희와제과,부산광역시 수영구 광남로 89 1층,카페,,
,2박 3일,1,5,카페이플,부산광역시 수영구 남천바다로21번길 23 1층,카페,,
,2박 3일,1,6,톤쇼우 광안점,부산광역시 수영구 광안해변로279번길 13 1층,관광지,,
,2박 3일,1,7,호텔센트럴베이,부산광역시 수영구 광안해변로 189,기타,,
,2박 3일,1,8,광안리 전망대 오륙도횟집,부산광역시 수영구 민락수변로 1 민락회타운 9층 광안리 전망대 오륙도횟집,맛집,,
--- Day 2 코스 시작 ---,,,,,,,,
,2박 3일,2,9,수변최고돼지국밥 광안점,부산광역시 수영구 광안로 63,맛집,,
,2박 3일,2,10,랑데자뷰 해운대점,부산광역시 해운대구 달맞이길62번길 23 2~5층,카페,,
,2박 3일,2,11,호랑이젤라떡 부산해운대본점,"부산광역시 해운대구 달맞이길62번길 38 115호, 116호",카페,,
,2박 3일,2,12,해운대블루라인파크,부산광역시 해운대구 청사포로 116 청사포정거장,관광지,,
,2박 3일,2,13,페어필드 바이 메리어트 부산 호텔,부산광역시 해운대구 해운대해변로 314,기타,,
,2박 3일,2,14,해목 해운대점,부산광역시 해운대구 구남로24번길 8,맛집,,
,2박 3일,2,15,상국이네,부산광역시 해운대구 구남로41번길 40-1 상국이네,맛집,,
,2박 3일,2,16,옵스 해운대점,부산광역시 해운대구 중동1로 31,카페,,
--- Day 3 코스 시작 ---,,,,,,,,
,2박 3일,3,17,이재모피자 본점,부산광역시 중구 광복중앙로 31,맛집,,
,2박 3일,3,18,흰여울문화마을거점센터,부산광역시 영도구 절영로 194,관광지,,
,2박 3일,3,19,이송도전망대,부산광역시 영도구 절영로 246-36,관광지,,
,2박 3일,3,20,아뜰리에오,"부산광역시 영도구 절영로 204 1층,2층",카페,,
,2박 3일,3,21,부산당,부산광역시 동구 중앙대로209번길 11 1층,카페,,
,2박 3일,3,22,초량밀면,부산광역시 동구 중앙대로 225,맛집,,
,2박 3일,3,23,브라운핸즈백제,부산광역시 동구 중앙대로209번길 16 1층,카페,,
,,,,,,,,
코스 제목 (유튜브 명),일수 분류,일차,전체 순서,장소명,주소,카테고리,조회수,유튜브 링크
"또 오션뷰? 부산 2박3일⛵️ | 할 수 있는 거 다했다. | 2만5천원으로 요트타기⛵|톤쇼우, 대교밀면, 수변최고돼지국밥, 마이페이보릿쿠키, 마이페이보릿보틀, 상국이네",2박 3일,1,1,광안이즈굿,부산광역시 수영구 광남로 196-2 지하1층,기타,"2,061",https://www.youtube.com/watch?v=GssZ15Uuth8&t=0s
,2박 3일,1,2,광안대교집,"부산광역시 수영구 광안해변로284번길 38 3층 313호, 314호",관광지,,썸네일 ID
,2박 3일,1,3,톤쇼우 광안점,부산광역시 수영구 광안해변로279번길 13 1층,맛집,,GssZ15Uuth8
,2박 3일,1,4,연의양과,부산광역시 부산진구 동천로 56 1층,카페,,
,2박 3일,1,5,타워더모스트광안,부산광역시 수영구 민락수변로17번길 36,기타,,
,2박 3일,1,6,더베이101 요트투어,부산광역시 해운대구 동백로 52 더베이101 요트투어 매표소,관광지,,
,2박 3일,1,7,광안리 대교밀면,부산광역시 수영구 광남로 239,맛집,,
,2박 3일,1,8,마이페이보릿쿠키,부산광역시 수영구 광남로 103,카페,,
,2박 3일,1,9,밤산책방,부산광역시 수영구 수영로510번길 42 지층 1호 지하1층 밤산책방,기타,,
,2박 3일,1,10,히떼 로스터리,부산광역시 부산진구 동성로 59,카페,,
--- Day 2 코스 시작 ---,,,,,,,,
,2박 3일,2,11,상국이네,부산광역시 해운대구 구남로41번길 40-1 상국이네,맛집,,
,2박 3일,2,12,옵스 해운대점,부산광역시 해운대구 중동1로 31,맛집,,
,2박 3일,2,13,해운대블루라인파크 미포정거장,부산광역시 해운대구 달맞이길62번길 13,관광지,,
,2박 3일,2,14,해운대블루라인파크 송정정거장,부산광역시 해운대구 송정중앙로8번길 60,관광지,,
,2박 3일,2,15,타이드,부산광역시 해운대구 달맞이길62번길 53 타이드,카페,,
,2박 3일,2,16,마이페이보릿보틀 광안점,부산광역시 수영구 민락로14번길 7 1층 마이페이보릿보틀 광안점,기타,,
,2박 3일,2,17,수변최고돼지국밥 민락본점,부산광역시 수영구 광안해변로370번길 9-32,맛집,,
--- Day 3 코스 시작 ---,,,,,,,,
,2박 3일,3,18,흰여울문화마을거점센터,부산광역시 영도구 절영로 194,관광지,,
,2박 3일,3,19,메종드콘,부산광역시 영도구 절영로35번길 46 부백자연애 아파트 1층,카페,,
,2박 3일,3,20,창비이즈팰리스,부산광역시 부산진구 연수로11번길 21,기타,,
,2박 3일,3,21,북두칠성도서관,부산광역시 동구 충장대로 160 협성마리나G7 B동 1층 북두칠성도서관,기타,,
,,,,,,,,
코스 제목 (유튜브 명),일수 분류,일차,전체 순서,장소명,주소,카테고리,조회수,유튜브 링크
"Busan Travel Vlog 🇰🇷 | 2 Nights and 3 Days Without Any Plans, I Had No Idea It Would Be This Grea...",2박 3일,1,1,하이카네트웍스,부산광역시 연제구 온천천남로 110,기타,"1,384",https://www.youtube.com/watch?v=5xeLmHxkhfA&t=0s
,2박 3일,1,2,부산역 (고속철도),부산광역시 동구 중앙대로 206,기타,,썸네일 ID
,2박 3일,1,3,UH Suite The Continental Busan,부산 동구 중앙대로 197,기타,,5xeLmHxkhfA
,2박 3일,1,4,명성횟집,부산광역시 사하구 승학로2번길 40,맛집,,
--- Day 2 코스 시작 ---,,,,,,,,
,2박 3일,2,5,새아침식당,부산광역시 해운대구 달맞이길62번길 28 새아침맛집,맛집,,
,2박 3일,2,6,듀플릿 부산 해운대 해리단길점,부산광역시 해운대구 우동1로20번길 27-13 1층,카페,,
,2박 3일,2,7,스누피 플레이스 부산,부산광역시 해운대구 해운대해변로 197 경동제이드 1동 102호,카페,,
,2박 3일,2,8,다비치안경 해운대해수욕장입구점,부산광역시 해운대구 구남로 11-1 다비치안경,관광지,,
,2박 3일,2,9,옵스 해운대점,부산광역시 해운대구 중동1로 31,카페,,
,2박 3일,2,10,나막집,부산광역시 남구 분포로 145 . 스퀘어동 1층 1068호,맛집,,
,2박 3일,2,11,UH Suite The Continental Busan 라운지,부산 동구 중앙대로 197,기타,,
--- Day 3 코스 시작 ---,,,,,,,,
,2박 3일,3,12,새아침식당,부산광역시 해운대구 달맞이길62번길 28 새아침맛집,맛집,,
,2박 3일,3,13,부산역 (고속철도),부산광역시 동구 중앙대로 206,기타,,
,,,,,,,,
코스 제목 (유튜브 명),일수 분류,일차,전체 순서,장소명,주소,카테고리,조회수,유튜브 링크
3박 4일 거제도·부산 가족 먹방 여행 브이로그🏖️,3박 4일,1,1,MVG모텔,부산광역시 북구 만덕고개길 72-2,기타,"42,720",https://www.youtube.com/watch?v=kQXKLb-gAkE&t=0s
--- Day 2 코스 시작 ---,,,,,,,,썸네일 ID
,3박 4일,2,2,국립해양박물관바람의언덕,부산광역시 영도구 해양로301번길 45,관광지,,kQXKLb-gAkE
,3박 4일,2,3,신선대감만터미널 주식회사,부산광역시 남구 신선로 294,관광지,,
,3박 4일,2,4,대박난유황생오리 본점,부산광역시 부산진구 중앙대로743번길 17 (부전동),맛집,,
--- Day 3 코스 시작 ---,,,,,,,,
,3박 4일,3,5,수변최고돼지국밥 센텀점,부산광역시 해운대구 센텀3로 26 2층,맛집,,
,3박 4일,3,6,톤쇼우 광안점,부산광역시 수영구 광안해변로279번길 13 1층,관광지,,
,3박 4일,3,7,짱오락실 부산서면점,부산광역시 부산진구 중앙대로692번길 16 1층,관광지,,
,3박 4일,3,8,이재모피자 서면점,부산광역시 부산진구 전포대로209번길 21,맛집,,
,3박 4일,3,9,해운대시장,부산광역시 해운대구 중동1로 42-16,관광지,,
,3박 4일,3,10,가마치통닭 해운대시장점,부산 해운대구 중동1로 39,맛집,,
,3박 4일,3,11,해운대명품호떡,부산광역시 해운대구 중동1로 38,맛집,,
,3박 4일,3,12,이마트 해운대점,부산광역시 해운대구 좌동순환로 511,기타,,
,3박 4일,3,13,휘겔리,부산광역시 해운대구 달맞이길62번가길 37,기타,,
--- Day 4 코스 시작 ---,,,,,,,,
,3박 4일,4,14,부평양곱창,부산광역시 중구 부평2길 17,관광지,,
,3박 4일,4,15,부평깡통시장,부산광역시 중구 부평1길 48,관광지,,
,3박 4일,4,16,이가네떡볶이,부산광역시 중구 부평1길 48,맛집,,
,3박 4일,4,17,밀양집,부산광역시 중구 중구로47번길 35,맛집,,
,3박 4일,4,18,삼촌치킨&amp;엄마전집,부산광역시 중구 중구로43번길 40 지상1층(부평동2가),맛집,,
,3박 4일,4,19,이재모피자 본점,부산광역시 중구 광복중앙로 31,맛집,,
,,,,,,,,
코스 제목 (유튜브 명),일수 분류,일차,전체 순서,장소명,주소,카테고리,조회수,유튜브 링크
"올해만 2번째 부산여행 브이로그 | 맛집, 카페, 소품샵 다 뿌시고옴❤️‍🔥 | 빵투어 (퍼프베이커리, 허대빵, 이븐도우, 후스후무무) | 롱드라이버스, 히떼로스터리, 피아크",3박 4일,1,1,거대돼지국밥,부산광역시 해운대구 달맞이길 16-2,맛집,"6,703",https://www.youtube.com/watch?v=ArsD-0J9tbM&t=0s
,3박 4일,1,2,에브리도우,부산광역시 수영구 민락로33번길 31 1층,카페,,썸네일 ID
--- Day 2 코스 시작 ---,,,,,,,,ArsD-0J9tbM
,3박 4일,2,3,피아크,부산광역시 영도구 해양로195번길 180 피아크,카페,,
,3박 4일,2,4,히떼 로스터리,부산광역시 부산진구 동성로 59,카페,,
,3박 4일,2,5,롱드라이버스,부산광역시 부산진구 서전로57번길 4 1층,카페,,
--- Day 3 코스 시작 ---,,,,,,,,
,3박 4일,3,6,퍼프베이커리,부산광역시 부산진구 동천로 56 1층 102호,카페,,
,3박 4일,3,7,페브커피바,부산광역시 부산진구 전포대로 229-1 이한빌딩 2층 페브커피바,카페,,
,3박 4일,3,8,후스후무무 베이커리,부산광역시 해운대구 달맞이길62번길 3 B1층,카페,,
--- Day 4 코스 시작 ---,,,,,,,,
,3박 4일,4,9,부평깡통시장,부산광역시 중구 부평1길 48,관광지,,
,,,,,,,,
코스 제목 (유튜브 명),일수 분류,일차,전체 순서,장소명,주소,카테고리,조회수,유튜브 링크
[ENG/日本語] 배타고 부산갔다온 4박 5일 부산 일상 브이로그,4박 5일,1,1,팬스타드림호,부산 동구 충장대로 24 (부산항국제여객터미널 탑승),기타,"196,608",https://www.youtube.com/watch?v=ha22cMQh6yU&t=0s
--- Day 2 코스 시작 ---,,,,,,,,썸네일 ID
,4박 5일,2,2,부산항국제여객터미널,부산광역시 동구 충장대로 206,기타,,ha22cMQh6yU
,4박 5일,2,3,장성향,부산광역시 동구 대영로243번길 29,맛집,,
,4박 5일,2,4,애슐리퀸즈 롯데마트 광복점,부산광역시 중구 중앙대로 2 롯데마트 광복점 6층,기타,,
--- Day 3 코스 시작 ---,,,,,,,,
,4박 5일,3,5,다비치안경 해운대해수욕장입구점,부산광역시 해운대구 구남로 11-1 다비치안경,관광지,,
,4박 5일,3,6,해운대원조할매국밥,부산광역시 해운대구 구남로21번길 33,맛집,,
,4박 5일,3,7,스타벅스 해운대 엑스더스카이점,부산광역시 해운대구 달맞이길 30,카페,,
,4박 5일,3,8,광안리해수욕장,부산광역시 수영구 광안해변로 219,관광지,,
--- Day 4 코스 시작 ---,,,,,,,,
,4박 5일,4,9,해동용궁사,부산광역시 기장군 기장읍 용궁길 86 해동용궁사,관광지,,
,4박 5일,4,10,개미집국제시장본점,부산광역시 해운대구 구남로 34,관광지,,
,4박 5일,4,11,BIFF광장 (씨앗호떡),부산 중구 비프광장로 36,관광지,,
,4박 5일,4,12,전포양옥,부산광역시 부산진구 서전로58번길 94 2층,맛집,,
--- Day 5 코스 시작 ---,,,,,,,,
,4박 5일,5,13,초량밀면,부산광역시 동구 중앙대로 225,맛집,,
,4박 5일,5,14,부산항국제여객터미널,부산광역시 동구 충장대로 206,기타,,
,4박 5일,5,15,팬스타드림호,부산 동구 충장대로 24 (부산항국제여객터미널 탑승),기타,,
,,,,,,,,
코스 제목 (유튜브 명),일수 분류,일차,전체 순서,장소명,주소,카테고리,조회수,유튜브 링크
4박 5일 부산여행☀️| 여름아 안녕~ 내년에 다시 만나자👋 • 이재모피자🍕 • 수변최고돼지국밥(항정국밥) • 국제밀면 • 해성막창 본점 • 10년만에 해운대🫢,4박 5일,1,1,부산역 (고속철도),부산광역시 동구 중앙대로 206,기타,"1,240",https://www.youtube.com/watch?v=fvQRHl_UlPo&t=0s
,4박 5일,1,2,이재모피자 부산역점,부산광역시 동구 중앙대로 197 2층 이재모피자,맛집,,썸네일 ID
,4박 5일,1,3,메가MGC커피 부산BIFF광장점,부산광역시 중구 비프광장로 39 1층,관광지,,fvQRHl_UlPo
,4박 5일,1,4,코지트리호텔 서면점,부산광역시 부산진구 황령대로 19,기타,,
--- Day 2 코스 시작 ---,,,,,,,,
,4박 5일,2,5,다비치안경 해운대해수욕장입구점,부산광역시 해운대구 구남로 11-1 다비치안경,관광지,,
,4박 5일,2,6,국제밀면 본점,부산광역시 연제구 중앙대로1235번길 23-6,맛집,,
,4박 5일,2,7,동백섬횟집,부산광역시 해운대구 해운대해변로209번나길 17 우동 근생,관광지,,
,4박 5일,2,8,해성막창집 본점,부산광역시 해운대구 중동1로19번길 29,맛집,,
--- Day 3 코스 시작 ---,,,,,,,,
,4박 5일,3,9,광안리해수욕장,부산광역시 수영구 광안해변로 219,관광지,,
,4박 5일,3,10,수변최고돼지국밥 민락본점,부산광역시 수영구 광안해변로370번길 9-32,맛집,,
,4박 5일,3,11,밀락더마켓,부산광역시 수영구 민락수변로17번길 56,관광지,,
,4박 5일,3,12,광안대교집,"부산광역시 수영구 광안해변로284번길 38 3층 313호, 314호",관광지,,
--- Day 4 코스 시작 ---,,,,,,,,
,4박 5일,4,13,감천문화마을,부산광역시 사하구 감내2로 203 감천문화마을안내센터,관광지,,
,4박 5일,4,14,부평양곱창,부산광역시 중구 부평2길 17,관광지,,
,4박 5일,4,15,브라더굿즈 젊음의 거리점,부산광역시 부산진구 신천대로50번길 62 1층,관광지,,
--- Day 5 코스 시작 ---,,,,,,,,
,4박 5일,5,16,흰여울문화마을거점센터,부산광역시 영도구 절영로 194,관광지,,
,4박 5일,5,17,삼진어묵 부산역광장점,부산광역시 동구 중앙대로214번길 7,맛집,,
,,,,,,,,
코스 제목 (유튜브 명),일수 분류,일차,전체 순서,장소명,주소,카테고리,조회수,유튜브 링크
"승무원 브이로그 / 치앙마이 그리고 부산, 4박 5일!",4박 5일,1,1,김해국제공항,부산광역시 강서구 공항진입로 108,기타,677,https://www.youtube.com/watch?v=Zn9PFuNalcw&t=0s
,4박 5일,1,2,송정3대국밥,부산광역시 부산진구 서면로68번길 33 송정3대국밥,맛집,,썸네일 ID
,4박 5일,1,3,롯데호텔 부산,부산광역시 부산진구 가야대로 772,기타,,Zn9PFuNalcw
,4박 5일,1,4,커피요정,부산광역시 북구 만덕대로28번길 39 1층 커피요정카페,맛집,,
--- Day 2 코스 시작 ---,,,,,,,,
,4박 5일,2,5,속시원한대구탕,부산광역시 해운대구 달맞이길 229,맛집,,
,4박 5일,2,6,다비치안경 해운대해수욕장입구점,부산광역시 해운대구 구남로 11-1 다비치안경,관광지,,
,4박 5일,2,7,부산엑스더스카이,부산광역시 해운대구 달맞이길 30,관광지,,
,4박 5일,2,8,클램,부산광역시 수영구 남천바다로33번길 104 1층,맛집,,
--- Day 3 코스 시작 ---,,,,,,,,
,4박 5일,3,9,부평양곱창,부산광역시 중구 부평2길 17,관광지,,
,4박 5일,3,10,대선생선구이,부산 중구 자갈치해안로 52 자갈치시장 내,맛집,,
,4박 5일,3,11,메가MGC커피 부산BIFF광장점,부산광역시 중구 비프광장로 39 1층,관광지,,
,4박 5일,3,12,할매가야밀면,부산광역시 중구 광복로 56-14,맛집,,
--- Day 4 코스 시작 ---,,,,,,,,
,4박 5일,4,13,감천문화마을,부산광역시 사하구 감내2로 203 감천문화마을안내센터,관광지,,
,4박 5일,4,14,이재모피자 부산역점,부산광역시 동구 중앙대로 197 2층 이재모피자,맛집,,
,4박 5일,4,15,나리꼬모,부산 부산진구 전포대로209번길 17-3,카페,,
,4박 5일,4,16,전포카페거리,부산광역시 부산진구 동천로 92,관광지,,
--- Day 5 코스 시작 ---,,,,,,,,
,4박 5일,5,17,고래사어묵해운대점,부산광역시 해운대구 구남로 14,맛집,,
,4박 5일,5,18,신세계백화점 센텀시티점,부산광역시 해운대구 센텀남대로 35,기타,,
,4박 5일,5,19,김해국제공항,부산광역시 강서구 공항진입로 108,기타,,
,,,,,,,,
코스 제목 (유튜브 명),일수 분류,일차,전체 순서,장소명,주소,카테고리,조회수,유튜브 링크
"부산여행｜거대 갈비(또간집)｜해운대 옛날 팥빙수｜센텀 신세계(반클리프 에코백, 다이아몬드 라운지, 이가네 떡볶이)｜성심당 생귤시루",4박 5일,1,1,부산역 (고속철도),부산광역시 동구 중앙대로 206,기타,"2,254",https://www.youtube.com/watch?v=fDNAQiWXI2E&t=0s
,4박 5일,1,2,아난티 앳 부산 코브,부산광역시 기장군 기장읍 기장해안로 268-32 아난티 앳 부산 코브,기타,,썸네일 ID
,4박 5일,1,3,아난티 앳 부산 코브 다모임,부산광역시 기장군 기장읍 기장해안로 268-32,맛집,,fDNAQiWXI2E
,4박 5일,1,4,아난티 코브 이터널저니,부산광역시 기장군 기장읍 기장해안로 268-32,관광지,,
--- Day 2 코스 시작 ---,,,,,,,,
,4박 5일,2,5,거대갈비,부산광역시 해운대구 달맞이길 22,맛집,,
,4박 5일,2,6,해운대옛날팥빙수단팥죽,부산광역시 해운대구 해운대해변로 329-6,카페,,
,4박 5일,2,7,다비치안경 해운대해수욕장입구점,부산광역시 해운대구 구남로 11-1 다비치안경,관광지,,
,4박 5일,2,8,엣지993,부산광역시 해운대구 달맞이길62번길 78,카페,,
--- Day 3 코스 시작 ---,,,,,,,,
,4박 5일,3,9,아난티 앳 부산 코브 맥퀸즈 클럽,부산광역시 기장군 기장읍 기장해안로 268-32 9층,관광지,,
,4박 5일,3,10,신세계백화점 센텀시티점,부산광역시 해운대구 센텀남대로 35,기타,,
,4박 5일,3,11,이가네떡볶이 신세계백화점 센텀시티점,부산 해운대구 센텀남대로 35 신세계백화점 센텀시티점 지하1층,맛집,,
,4박 5일,3,12,반클리프 아펠 신세계백화점 센텀시티점,부산광역시 해운대구 센텀남대로 35 신세계백화점 센텀시티점 1F 반클리프아펠,기타,,
,4박 5일,3,13,신세계백화점 다이아몬드 라운지,부산 해운대구 센텀남대로 35 신세계백화점 센텀시티점,기타,,
--- Day 4 코스 시작 ---,,,,,,,,
,4박 5일,4,14,아난티 코브 워터하우스,부산광역시 기장군 기장읍 기장해안로 268-32,관광지,,
,4박 5일,4,15,더 이스트 인 부산,부산광역시 기장군 기장읍 기장해안로 266 더이스트인부산,맛집,,
,4박 5일,4,16,아난티 앳 부산 코브 맥퀸즈 라운지,부산광역시 기장군 기장읍 기장해안로 268-32,카페,,
--- Day 5 코스 시작 ---,,,,,,,,
,4박 5일,5,17,아난티 앳 부산 코브,부산광역시 기장군 기장읍 기장해안로 268-32 아난티 앳 부산 코브,기타,,
,4박 5일,5,18,이재모피자 부산역점,부산광역시 동구 중앙대로 197 2층 이재모피자,기타,,
,4박 5일,5,19,대전역 가락우동,부산광역시 기장군 정관읍 정관덕산길 32-6 1층 대전역 가락우동,기타,,
,,,,,,,,
코스 제목 (유튜브 명),일수 분류,일차,전체 순서,장소명,주소,카테고리,조회수,유튜브 링크
Who am I? 부산에서 먹고 노는 하루 🤪 ㅣ부산 여행 브이로그,4박 5일,1,1,부산역 (고속철도),부산광역시 동구 중앙대로 206,기타,"1,496",https://www.youtube.com/watch?v=WI3dfSimu6E&t=0s
,4박 5일,1,2,본전돼지국밥,부산광역시 동구 중앙대로214번길 3-8,맛집,,썸네일 ID
,4박 5일,1,3,신라스테이 해운대,부산광역시 해운대구 해운대로570번길 46,기타,,WI3dfSimu6E
,4박 5일,1,4,다비치안경 해운대해수욕장입구점,부산광역시 해운대구 구남로 11-1 다비치안경,관광지,,
,4박 5일,1,5,해운대암소갈비집,부산광역시 해운대구 해운대해변로 333 해운대암소갈비집,맛집,,
--- Day 2 코스 시작 ---,,,,,,,,
,4박 5일,2,6,쏘카 마린시티 제니스스퀘어상가,부산광역시 해운대구 마린시티2로 33,기타,,
,4박 5일,2,7,해운대블루라인파크 미포정거장,부산광역시 해운대구 달맞이길62번길 13,관광지,,
,4박 5일,2,8,놀작닥터몽떼,부산광역시 기장군 일광읍 해빛5로 21-3,카페,,
,4박 5일,2,9,더베이101,부산광역시 해운대구 동백로 52 더베이101,관광지,,
--- Day 3 코스 시작 ---,,,,,,,,
,4박 5일,3,10,톤쇼우 광안점,부산광역시 수영구 광안해변로279번길 13 1층,맛집,,
,4박 5일,3,11,광안리해수욕장,부산광역시 수영구 광안해변로 219,관광지,,
,4박 5일,3,12,카페오뜨 광안비치점,부산광역시 수영구 광안해변로 209 2층,카페,,
,4박 5일,3,13,브라더굿즈 젊음의 거리점,부산광역시 부산진구 신천대로50번길 62 1층,관광지,,
,4박 5일,3,14,송정3대국밥,부산광역시 부산진구 서면로68번길 33 송정3대국밥,맛집,,
--- Day 4 코스 시작 ---,,,,,,,,
,4박 5일,4,15,감천문화마을,부산광역시 사하구 감내2로 203 감천문화마을안내센터,관광지,,
,4박 5일,4,16,부평양곱창,부산광역시 중구 부평2길 17,관광지,,
,4박 5일,4,17,BIFF 광장 씨앗호떡,부산 중구 비프광장로 36,맛집,,
,4박 5일,4,18,개미집국제시장본점,부산광역시 해운대구 구남로 34,관광지,,
--- Day 5 코스 시작 ---,,,,,,,,
,4박 5일,5,19,오픈(OPE'N),부산 해운대구 해운대해변로298번길 24 팔레드시즈 1층 118호,카페,,
,4박 5일,5,20,신세계백화점 센텀시티점,부산광역시 해운대구 센텀남대로 35,기타,,
,4박 5일,5,21,부산역 (고속철도),부산광역시 동구 중앙대로 206,기타,,
,,,,,,,,
코스 제목 (유튜브 명),일수 분류,일차,전체 순서,장소명,주소,카테고리,조회수,유튜브 링크
"Busan Travel Vlog 🇰🇷 | 2 Nights and 3 Days Without Any Plans, I Had No Idea It Would Be This Grea...",4박 5일,1,1,하이카네트웍스,부산광역시 연제구 온천천남로 110,기타,"1,391",https://www.youtube.com/watch?v=5xeLmHxkhfA&t=0s
,4박 5일,1,2,부산역 (고속철도),부산광역시 동구 중앙대로 206,기타,,썸네일 ID
,4박 5일,1,3,UH 스위트 더 부산역,부산 동구 중앙대로196번길 16,기타,,5xeLmHxkhfA
,4박 5일,1,4,본전돼지국밥,부산광역시 동구 중앙대로214번길 3-8,맛집,,
--- Day 2 코스 시작 ---,,,,,,,,
,4박 5일,2,5,새아침식당,부산광역시 해운대구 달맞이길62번길 28 새아침맛집,맛집,,
,4박 5일,2,6,듀플릿 부산 해운대 해리단길점,부산광역시 해운대구 우동1로20번길 27-13 1층,카페,,
,4박 5일,2,7,뮤지엄 원 (스누피 전시),부산 해운대구 센텀서로 20,관광지,,
,4박 5일,2,8,다비치안경 해운대해수욕장입구점,부산광역시 해운대구 구남로 11-1 다비치안경,관광지,,
,4박 5일,2,9,옵스 해운대점,부산광역시 해운대구 중동1로 31,카페,,
,4박 5일,2,10,나막집,부산광역시 남구 분포로 145 . 스퀘어동 1층 1068호,맛집,,
,4박 5일,2,11,파복스,부산광역시 해운대구 해운대해변로 257 하버타운 502호,맛집,,
--- Day 3 코스 시작 ---,,,,,,,,
,4박 5일,3,12,해운대시장,부산광역시 해운대구 중동1로 42-16,관광지,,
,4박 5일,3,13,광안리해수욕장,부산광역시 수영구 광안해변로 219,관광지,,
,4박 5일,3,14,별침대,부산광역시 수영구 광안해변로 203 별침대,카페,,
,4박 5일,3,15,수변최고돼지국밥 민락본점,부산광역시 수영구 광안해변로370번길 9-32,맛집,,
--- Day 4 코스 시작 ---,,,,,,,,
,4박 5일,4,16,감천문화마을,부산광역시 사하구 감내2로 203 감천문화마을안내센터,관광지,,
,4박 5일,4,17,이가네떡볶이,부산광역시 중구 부평1길 48,맛집,,
,4박 5일,4,18,개미집국제시장본점,부산광역시 해운대구 구남로 34,관광지,,
,4박 5일,4,19,흰여울문화마을거점센터,부산광역시 영도구 절영로 194,관광지,,
--- Day 5 코스 시작 ---,,,,,,,,
,4박 5일,5,20,전포카페거리,부산광역시 부산진구 동천로 92,관광지,,
,4박 5일,5,21,마가만두,부산광역시 동구 대영로243번길 56,맛집,,
,4박 5일,5,22,부산역 (고속철도),부산광역시 동구 중앙대로 206,기타,,
,,,,,,,,
코스 제목 (유튜브 명),일수 분류,일차,전체 순서,장소명,주소,카테고리,조회수,유튜브 링크
VLOG | 일상 브이로그 | 나의 부산 여행 브이로그 👀  | Busan trip vlog,4박 5일,1,1,부산역 (고속철도),부산광역시 동구 중앙대로 206,기타,"1,301",https://www.youtube.com/watch?v=Vnnh4mpN52I&t=0s
,4박 5일,1,2,초량밀면,부산광역시 동구 중앙대로 225,맛집,,썸네일 ID
,4박 5일,1,3,감천문화마을,부산광역시 사하구 감내2로 203 감천문화마을안내센터,관광지,,Vnnh4mpN52I
,4박 5일,1,4,이가네떡볶이,부산광역시 중구 부평1길 48,맛집,,
,4박 5일,1,5,개미집국제시장본점,부산광역시 해운대구 구남로 34,관광지,,
--- Day 2 코스 시작 ---,,,,,,,,
,4박 5일,2,6,흰여울문화마을거점센터,부산광역시 영도구 절영로 194,관광지,,
,4박 5일,2,7,피아크,부산광역시 영도구 해양로195번길 180 피아크,카페,,
,4박 5일,2,8,롯데백화점 광복점,부산광역시 중구 중앙대로 2,기타,,
,4박 5일,2,9,부산족발,부산광역시 중구 광복로 13-1,맛집,,
--- Day 3 코스 시작 ---,,,,,,,,
,4박 5일,3,10,모던이프,부산광역시 부산진구 자유평화로 7 256 모던이프,기타,,
,4박 5일,3,11,오프커스 베이커리 카페,부산광역시 부산진구 전포대로199번길 30,카페,,
,4박 5일,3,12,개미집 서면본점,부산광역시 부산진구 신천대로62번길 73,맛집,,
,4박 5일,3,13,송정3대국밥,부산광역시 부산진구 서면로68번길 33 송정3대국밥,맛집,,
--- Day 4 코스 시작 ---,,,,,,,,
,4박 5일,4,14,다비치안경 해운대해수욕장입구점,부산광역시 해운대구 구남로 11-1 다비치안경,관광지,,
,4박 5일,4,15,해운대기와집대구탕,부산광역시 해운대구 달맞이길50번길 4 2~3층,맛집,,
,4박 5일,4,16,해운대블루라인파크 미포정거장,부산광역시 해운대구 달맞이길62번길 13,관광지,,
,4박 5일,4,17,광안리해수욕장,부산광역시 수영구 광안해변로 219,관광지,,
,4박 5일,4,18,더베이101,부산광역시 해운대구 동백로 52 더베이101,맛집,,
--- Day 5 코스 시작 ---,,,,,,,,
,4박 5일,5,19,F1963,부산광역시 수영구 구락로123번길 20,관광지,,
,4박 5일,5,20,비에이치테이블,부산 부산진구 서전로37번길 22,카페,,
,4박 5일,5,21,삼진어묵 부산역광장점,부산광역시 동구 중앙대로214번길 7,기타,,
,,,,,,,,
코스 제목 (유튜브 명),일수 분류,일차,전체 순서,장소명,주소,카테고리,조회수,유튜브 링크
vlog. 워킹맘 브이로그. 4박5일의 부산출장 . 엄마 일하러 온거야 근데 맛집은 왜이리 많은거냐구,4박 5일,1,1,부산역 (고속철도),부산광역시 동구 중앙대로 206,기타,674,https://www.youtube.com/watch?v=6h_tiV7C2oc&t=0s
,4박 5일,1,2,해운대원조할매국밥,부산광역시 해운대구 구남로21번길 33,맛집,,썸네일 ID
,4박 5일,1,3,파라다이스 호텔 부산,부산광역시 해운대구 해운대해변로 296,기타,,6h_tiV7C2oc
,4박 5일,1,4,BEXCO,부산광역시 해운대구 APEC로 55,기타,,
,4박 5일,1,5,구워삶기 서면본점,부산 부산진구 중앙대로691번가길 23-5,맛집,,
--- Day 2 코스 시작 ---,,,,,,,,
,4박 5일,2,6,고마운 베이커리,부산 수영구 남천동로 20,카페,,
,4박 5일,2,7,해운대 가야밀면,부산광역시 해운대구 좌동순환로 27 해운대 가야밀면,맛집,,
,4박 5일,2,8,다비치안경 해운대해수욕장입구점,부산광역시 해운대구 구남로 11-1 다비치안경,관광지,,
,4박 5일,2,9,해운대시장,부산광역시 해운대구 중동1로 42-16,관광지,,
--- Day 3 코스 시작 ---,,,,,,,,
,4박 5일,3,10,랑데자뷰 해운대점,부산광역시 해운대구 달맞이길62번길 23 2~5층,카페,,
,4박 5일,3,11,도쿄맘마 신세계센텀시티점,부산 해운대구 센텀남대로 35 신세계백화점 9층,맛집,,
,4박 5일,3,12,광안리해수욕장,부산광역시 수영구 광안해변로 219,관광지,,
,4박 5일,3,13,매드독스 광안리점,부산광역시 수영구 광안해변로 235,맛집,,
--- Day 4 코스 시작 ---,,,,,,,,
,4박 5일,4,14,감천문화마을,부산광역시 사하구 감내2로 203 감천문화마을안내센터,관광지,,
,4박 5일,4,15,BIFF광장 씨앗호떡,부산 중구 비프광장로 36,맛집,,
,4박 5일,4,16,빈티지38,부산광역시 부산진구 전포대로199번길 38,카페,,
,4박 5일,4,17,맛찬들왕소금구이 서면점,부산광역시 부산진구 중앙대로691번가길 24-3 맛찬들 왕소금구이 서면점,맛집,,
--- Day 5 코스 시작 ---,,,,,,,,
,4박 5일,5,18,옵스 해운대점,부산광역시 해운대구 중동1로 31,카페,,
,4박 5일,5,19,파라다이스 호텔 부산(체크아웃),부산 해운대구 해운대해변로 296,기타,,
,4박 5일,5,20,부산역(출발),부산 동구 중앙대로 206,기타,,